<?xml version="1.0" encoding="UTF-8"?>
<project-private xmlns="http://www.netbeans.org/ns/project-private/1">
    <editor-bookmarks xmlns="http://www.netbeans.org/ns/editor-bookmarks/2" lastBookmarkId="0"/>
    <open-files xmlns="http://www.netbeans.org/ns/projectui-open-files/2">
        <group>
            <file>file:/C:/Users/user/Desktop/RP-USAP/RP-USAP/web/ProDelete.jsp</file>
            <file>file:/C:/Users/user/Desktop/RP-USAP/RP-USAP/web/UserHome.jsp</file>
            <file>file:/C:/Users/user/Desktop/RP-USAP/RP-USAP/web/Professionor/ProHome.jsp</file>
            <file>file:/C:/Users/user/Desktop/RP-USAP/RP-USAP/web/WEB-INF/web.xml</file>
            <file>file:/C:/Users/user/Desktop/RP-USAP/RP-USAP/web/DisplayUser.jsp</file>
            <file>file:/C:/Users/user/Desktop/RP-USAP/RP-USAP/web/Professionor/Answer.jsp</file>
            <file>file:/C:/Users/user/Desktop/RP-USAP/RP-USAP/web/ProLogin.jsp</file>
            <file>file:/C:/Users/user/Desktop/RP-USAP/RP-USAP/web/Professionor/feedback.jsp</file>
            <file>file:/C:/Users/user/Desktop/RP-USAP/RP-USAP/web/Professionor/answers.jsp</file>
            <file>file:/C:/Users/user/Desktop/RP-USAP/RP-USAP/web/DisplayPro.jsp</file>
            <file>file:/C:/Users/user/Desktop/RP-USAP/RP-USAP/web/Professionor/searchproq.jsp</file>
            <file>file:/C:/Users/user/Desktop/RP-USAP/RP-USAP/web/error404.jsp</file>
            <file>file:/C:/Users/user/Desktop/RP-USAP/RP-USAP/web/AdminHome.jsp</file>
            <file>file:/C:/Users/user/Desktop/RP-USAP/RP-USAP/web/index.html</file>
            <file>file:/C:/Users/user/Desktop/RP-USAP/RP-USAP/web/searchpro.jsp</file>
            <file>file:/C:/Users/user/Desktop/RP-USAP/RP-USAP/web/searchq.jsp</file>
            <file>file:/C:/Users/user/Desktop/RP-USAP/RP-USAP/web/Question.jsp</file>
            <file>file:/C:/Users/user/Desktop/RP-USAP/RP-USAP/web/ProEdit.jsp</file>
            <file>file:/C:/Users/user/Desktop/RP-USAP/RP-USAP/web/Login.jsp</file>
            <file>file:/C:/Users/user/Desktop/RP-USAP/RP-USAP/web/AdminLogin.jsp</file>
            <file>file:/C:/Users/user/Desktop/RP-USAP/RP-USAP/web/Professionor/Approved.jsp</file>
            <file>file:/C:/Users/user/Desktop/RP-USAP/RP-USAP/web/Pending.jsp</file>
            <file>file:/C:/Users/user/Desktop/RP-USAP/RP-USAP/web/Createacc.jsp</file>
            <file>file:/C:/Users/user/Desktop/RP-USAP/RP-USAP/web/searchstu.jsp</file>
            <file>file:/C:/Users/user/Desktop/RP-USAP/RP-USAP/web/UserDelete.jsp</file>
            <file>file:/C:/Users/user/Desktop/RP-USAP/RP-USAP/web/Ask.jsp</file>
            <file>file:/C:/Users/user/Desktop/RP-USAP/RP-USAP/web/searchstuq.jsp</file>
            <file>file:/C:/Users/user/Desktop/RP-USAP/RP-USAP/web/Professionor/Asked.jsp</file>
            <file>file:/C:/Users/user/Desktop/RP-USAP/RP-USAP/web/Feedback.jsp</file>
            <file>file:/C:/Users/user/Desktop/RP-USAP/RP-USAP/web/AdminQuestion.jsp</file>
            <file>file:/C:/Users/user/Desktop/RP-USAP/RP-USAP/web/UserEdit.jsp</file>
        </group>
    </open-files>
</project-private>
