<?xml version="1.0" encoding="UTF-8"?>
<project-private xmlns="http://www.netbeans.org/ns/project-private/1">
    <editor-bookmarks xmlns="http://www.netbeans.org/ns/editor-bookmarks/2" lastBookmarkId="0"/>
    <open-files xmlns="http://www.netbeans.org/ns/projectui-open-files/2">
        <group>
            <file>file:/C:/Users/pc/Documents/RP-USAP%20(2)/RP-USAP/web/index.html</file>
            <file>file:/C:/Users/pc/Documents/RP-USAP%20(2)/RP-USAP/web/DisplayUser.jsp</file>
            <file>file:/C:/Users/pc/Documents/RP-USAP%20(2)/RP-USAP/web/UserHome.jsp</file>
            <file>file:/C:/Users/pc/Documents/RP-USAP%20(2)/RP-USAP/web/HODHome.jsp</file>
            <file>file:/C:/Users/pc/Documents/RP-USAP%20(2)/RP-USAP/web/AdminHome.jsp</file>
            <file>file:/C:/Users/pc/Documents/RP-USAP%20(2)/RP-USAP/web/Feedback.jsp</file>
            <file>file:/C:/Users/pc/Documents/RP-USAP%20(2)/RP-USAP/web/DisplayHOD.jsp</file>
            <file>file:/C:/Users/pc/Documents/RP-USAP%20(2)/RP-USAP/web/searchq.jsp</file>
            <file>file:/C:/Users/pc/Documents/RP-USAP%20(2)/RP-USAP/web/searchstuq.jsp</file>
            <file>file:/C:/Users/pc/Documents/RP-USAP%20(2)/RP-USAP/web/searchstu.jsp</file>
            <file>file:/C:/Users/pc/Documents/RP-USAP%20(2)/RP-USAP/web/searchpro.jsp</file>
            <file>file:/C:/Users/pc/Documents/RP-USAP%20(2)/RP-USAP/web/Login.jsp</file>
            <file>file:/C:/Users/pc/Documents/RP-USAP%20(2)/RP-USAP/web/Createacc.jsp</file>
            <file>file:/C:/Users/pc/Documents/RP-USAP%20(2)/RP-USAP/web/Ask.jsp</file>
            <file>file:/C:/Users/pc/Documents/RP-USAP%20(2)/RP-USAP/web/AdminQuestion.jsp</file>
            <file>file:/C:/Users/pc/Documents/RP-USAP%20(2)/RP-USAP/web/DisplayPro.jsp</file>
            <file>file:/C:/Users/pc/Documents/RP-USAP%20(2)/RP-USAP/web/index.jsp</file>
            <file>file:/C:/Users/pc/Documents/RP-USAP%20(2)/RP-USAP/web/Add.jsp</file>
            <file>file:/C:/Users/pc/Documents/RP-USAP%20(2)/RP-USAP/web/AddHod.jsp</file>
            <file>file:/C:/Users/pc/Documents/RP-USAP%20(2)/RP-USAP/web/HODEdit.jsp</file>
            <file>file:/C:/Users/pc/Documents/RP-USAP%20(2)/RP-USAP/web/Pending.jsp</file>
            <file>file:/C:/Users/pc/Documents/RP-USAP%20(2)/RP-USAP/web/ProEdit.jsp</file>
            <file>file:/C:/Users/pc/Documents/RP-USAP%20(2)/RP-USAP/web/HODRequest.jsp</file>
            <file>file:/C:/Users/pc/Documents/RP-USAP%20(2)/RP-USAP/web/send.jsp</file>
            <file>file:/C:/Users/pc/Documents/RP-USAP%20(2)/RP-USAP/web/AdminLogin.jsp</file>
        </group>
    </open-files>
</project-private>
